                  epoch,             train/loss,  metrics/accuracy_top1,  metrics/accuracy_top5,               val/loss,                 lr/pg0,                 lr/pg1,                 lr/pg2
                      1,                 4.5075,                0.11268,                0.27824,                 4.7705,              0.0033283,              0.0033283,              0.0033283
                      2,                  3.171,                0.22971,                0.45213,                 4.6714,              0.0065957,              0.0065957,              0.0065957
                      3,                 2.3814,                0.27852,                0.54371,                 4.6092,               0.009797,               0.009797,               0.009797
                      4,                 2.0339,                0.33784,                0.58761,                 4.5572,               0.009703,               0.009703,               0.009703
                      5,                 1.8251,                0.35639,                0.61476,                  4.528,               0.009604,               0.009604,               0.009604
                      6,                 1.6866,                0.37711,                0.63529,                 4.5073,               0.009505,               0.009505,               0.009505
                      7,                  1.587,                0.39972,                0.65695,                 4.4893,               0.009406,               0.009406,               0.009406
                      8,                 1.5218,                0.41845,                  0.672,                 4.4686,               0.009307,               0.009307,               0.009307
                      9,                 1.4691,                0.41722,                0.67105,                 4.4636,               0.009208,               0.009208,               0.009208
                     10,                 1.4329,                0.43614,                0.68997,                  4.452,               0.009109,               0.009109,               0.009109
                     11,                 1.3841,                0.44484,                0.69792,                 4.4404,                0.00901,                0.00901,                0.00901
                     12,                 1.3654,                0.45166,                0.70265,                 4.4321,               0.008911,               0.008911,               0.008911
                     13,                 1.3253,                0.45459,                0.71022,                 4.4257,               0.008812,               0.008812,               0.008812
                     14,                 1.3052,                0.46575,                0.71968,                  4.417,               0.008713,               0.008713,               0.008713
                     15,                 1.2853,                0.46755,                0.72015,                  4.414,               0.008614,               0.008614,               0.008614
                     16,                 1.2624,                 0.4702,                0.72044,                 4.4088,               0.008515,               0.008515,               0.008515
                     17,                 1.2463,                0.47351,                0.72346,                 4.4025,               0.008416,               0.008416,               0.008416
                     18,                 1.2236,                0.47398,                0.72677,                 4.3996,               0.008317,               0.008317,               0.008317
                     19,                 1.2109,                 0.4825,                0.73122,                 4.3952,               0.008218,               0.008218,               0.008218
                     20,                 1.2066,                0.48392,                0.73368,                 4.3917,               0.008119,               0.008119,               0.008119
                     21,                 1.1793,                 0.4877,                0.73623,                 4.3886,                0.00802,                0.00802,                0.00802
                     22,                 1.1766,                0.49092,                0.73926,                 4.3845,               0.007921,               0.007921,               0.007921
                     23,                 1.1628,                 0.4895,                0.73803,                 4.3841,               0.007822,               0.007822,               0.007822
                     24,                 1.1524,                0.49026,                0.73945,                 4.3817,               0.007723,               0.007723,               0.007723
                     25,                  1.147,                0.49167,                0.73974,                 4.3801,               0.007624,               0.007624,               0.007624
                     26,                 1.1306,                0.49451,                0.74059,                 4.3785,               0.007525,               0.007525,               0.007525
                     27,                 1.1147,                0.49536,                0.74049,                 4.3771,               0.007426,               0.007426,               0.007426
                     28,                 1.1111,                0.49461,                0.74314,                 4.3765,               0.007327,               0.007327,               0.007327
                     29,                 1.1046,                0.49536,                 0.7421,                 4.3756,               0.007228,               0.007228,               0.007228
                     30,                  1.087,                0.49603,                0.74276,                 4.3751,               0.007129,               0.007129,               0.007129
                     31,                 1.0868,                0.49518,                0.74324,                 4.3743,                0.00703,                0.00703,                0.00703
                     32,                 1.0768,                0.49612,                0.74437,                 4.3743,               0.006931,               0.006931,               0.006931
                     33,                 1.0639,                0.49631,                0.74371,                 4.3747,               0.006832,               0.006832,               0.006832
                     34,                  1.058,                 0.4965,                 0.7439,                 4.3733,               0.006733,               0.006733,               0.006733
                     35,                 1.0438,                0.49669,                0.74437,                 4.3727,               0.006634,               0.006634,               0.006634
                     36,                 1.0291,                0.49811,                0.74513,                 4.3735,               0.006535,               0.006535,               0.006535
                     37,                 1.0343,                0.49801,                0.74494,                  4.372,               0.006436,               0.006436,               0.006436
                     38,                 1.0089,                0.49886,                 0.7457,                 4.3711,               0.006337,               0.006337,               0.006337
                     39,                 1.0063,                0.49953,                0.74626,                 4.3713,               0.006238,               0.006238,               0.006238
                     40,                0.99375,                0.49972,                0.74778,                 4.3718,               0.006139,               0.006139,               0.006139
                     41,                0.98175,                0.50009,                0.74872,                 4.3715,                0.00604,                0.00604,                0.00604
                     42,                0.99215,                0.49962,                0.74853,                 4.3711,               0.005941,               0.005941,               0.005941
                     43,                0.96712,                0.49953,                0.74986,                 4.3705,               0.005842,               0.005842,               0.005842
                     44,                0.96016,                0.50066,                0.74967,                 4.3706,               0.005743,               0.005743,               0.005743
                     45,                 0.9585,                0.49991,                0.74995,                 4.3704,               0.005644,               0.005644,               0.005644
                     46,                0.95431,                0.50009,                0.75024,                 4.3701,               0.005545,               0.005545,               0.005545
                     47,                0.93734,                0.50085,                 0.7508,                   4.37,               0.005446,               0.005446,               0.005446
                     48,                0.91963,                0.50028,                0.75166,                 4.3706,               0.005347,               0.005347,               0.005347
                     49,                0.91669,                0.49924,                0.75118,                 4.3703,               0.005248,               0.005248,               0.005248
                     50,                0.90991,                0.50009,                 0.7508,                 4.3704,               0.005149,               0.005149,               0.005149
                     51,                0.89855,                0.49962,                0.75203,                   4.37,                0.00505,                0.00505,                0.00505
                     52,                 0.8841,                0.49953,                0.75232,                 4.3702,               0.004951,               0.004951,               0.004951
                     53,                 0.8893,                0.49962,                0.75289,                   4.37,               0.004852,               0.004852,               0.004852
                     54,                0.86134,                0.49934,                0.75251,                 4.3695,               0.004753,               0.004753,               0.004753
                     55,                 0.8672,                0.50019,                0.75251,                 4.3695,               0.004654,               0.004654,               0.004654
                     56,                0.84649,                0.50009,                 0.7526,                  4.369,               0.004555,               0.004555,               0.004555
                     57,                0.84318,                0.49991,                0.75326,                 4.3685,               0.004456,               0.004456,               0.004456
                     58,                0.83234,                0.49934,                0.75393,                 4.3684,               0.004357,               0.004357,               0.004357
                      1,                 3.7414,                0.16121,                0.36585,                 4.6952,               0.080629,             0.00059909,             0.00059909
                      2,                 2.5544,                0.20643,                 0.4315,                 4.6459,               0.061218,              0.0011872,              0.0011872
                      3,                 2.2961,                0.25061,                0.51627,                 4.6146,               0.041794,              0.0017635,              0.0017635
                      4,                 2.1955,                0.27919,                0.53898,                 4.5933,               0.022358,              0.0023278,              0.0023278
                      5,                 2.1289,                0.28477,                0.54011,                 4.5763,              0.0029107,              0.0028803,              0.0028803
                      6,                 2.0287,                0.30719,                 0.5755,                 4.5627,              0.0028515,              0.0028515,              0.0028515
                      7,                  1.906,                0.34352,                0.60076,                 4.5316,              0.0028218,              0.0028218,              0.0028218
                      8,                 1.8093,                0.36651,                 0.6369,                 4.5122,              0.0027921,              0.0027921,              0.0027921
                      9,                 1.7337,                0.38354,                0.64068,                 4.4932,              0.0027624,              0.0027624,              0.0027624
                     10,                 1.6801,                0.39707,                0.66093,                  4.478,              0.0027327,              0.0027327,              0.0027327
                     11,                 1.6164,                0.40937,                0.66906,                 4.4641,               0.002703,               0.002703,               0.002703
                     12,                 1.5707,                0.41835,                0.68032,                 4.4546,              0.0026733,              0.0026733,              0.0026733
                     13,                 1.5169,                0.42791,                0.68723,                 4.4441,              0.0026436,              0.0026436,              0.0026436
                     14,                  1.473,                0.44059,                0.70123,                 4.4328,              0.0026139,              0.0026139,              0.0026139
                     15,                  1.428,                0.44636,                0.70681,                 4.4248,              0.0025842,              0.0025842,              0.0025842
                     16,                 1.3809,                 0.4561,                0.70596,                 4.4187,              0.0025545,              0.0025545,              0.0025545
                     17,                  1.351,                0.45572,                0.71391,                 4.4103,              0.0025248,              0.0025248,              0.0025248
                     18,                 1.3196,                0.45941,                0.71561,                 4.4069,              0.0024951,              0.0024951,              0.0024951
                     19,                 1.2803,                 0.4667,                0.72006,                    4.4,              0.0024654,              0.0024654,              0.0024654
                     20,                 1.2521,                0.46887,                0.72394,                 4.3957,              0.0024357,              0.0024357,              0.0024357
                     21,                 1.2091,                0.47114,                 0.7263,                 4.3907,               0.002406,               0.002406,               0.002406
                     22,                 1.1938,                0.47332,                0.72904,                 4.3869,              0.0023763,              0.0023763,              0.0023763
                     23,                 1.1616,                0.47767,                0.72886,                 4.3834,              0.0023466,              0.0023466,              0.0023466
                     24,                 1.1441,                0.48004,                0.73094,                 4.3805,              0.0023169,              0.0023169,              0.0023169
                     25,                 1.1117,                0.47938,                 0.7351,                 4.3789,              0.0022872,              0.0022872,              0.0022872
                     26,                 1.0953,                0.48146,                0.73586,                  4.376,              0.0022575,              0.0022575,              0.0022575
                     27,                 1.0635,                0.48278,                0.73851,                 4.3742,              0.0022278,              0.0022278,              0.0022278
                     28,                 1.0513,                0.48477,                0.73898,                 4.3726,              0.0021981,              0.0021981,              0.0021981
                     29,                 1.0211,                0.48439,                0.73964,                 4.3711,              0.0021684,              0.0021684,              0.0021684
                     30,                0.99449,                  0.486,                0.73907,                 4.3699,              0.0021387,              0.0021387,              0.0021387
                     31,                0.97418,                0.48855,                0.74134,                 4.3688,               0.002109,               0.002109,               0.002109
                     32,                0.96705,                0.48931,                0.74191,                  4.368,              0.0020793,              0.0020793,              0.0020793
                     33,                0.93781,                0.48988,                 0.7421,                 4.3672,              0.0020496,              0.0020496,              0.0020496
                     34,                0.92888,                 0.4895,                0.74267,                 4.3655,              0.0020199,              0.0020199,              0.0020199
                     35,                0.90726,                0.49082,                0.74229,                 4.3647,              0.0019902,              0.0019902,              0.0019902
                     36,                0.87874,                0.49262,                0.74276,                 4.3645,              0.0019605,              0.0019605,              0.0019605
                     37,                0.86685,                0.49196,                0.74456,                 4.3627,              0.0019308,              0.0019308,              0.0019308
                     38,                0.84815,                0.49139,                0.74456,                 4.3613,              0.0019011,              0.0019011,              0.0019011
                     39,                 0.8345,                0.49149,                0.74503,                 4.3607,              0.0018714,              0.0018714,              0.0018714
                     40,                0.82532,                0.49044,                0.74437,                 4.3605,              0.0018417,              0.0018417,              0.0018417
                     41,                0.80816,                0.49073,                0.74409,                 4.3593,               0.001812,               0.001812,               0.001812
                     42,                0.79221,                0.49177,                 0.7439,                 4.3581,              0.0017823,              0.0017823,              0.0017823
                     43,                0.77244,                0.49234,                0.74513,                 4.3567,              0.0017526,              0.0017526,              0.0017526
                     44,                 0.7622,                0.49205,                0.74588,                 4.3562,              0.0017229,              0.0017229,              0.0017229
                     45,                0.74131,                0.49167,                0.74579,                 4.3554,              0.0016932,              0.0016932,              0.0016932
                     46,                0.73745,                0.49139,                0.74503,                 4.3546,              0.0016635,              0.0016635,              0.0016635
                     47,                0.72857,                0.49253,                0.74636,                 4.3534,              0.0016338,              0.0016338,              0.0016338
                     48,                0.70078,                0.49338,                0.74598,                 4.3526,              0.0016041,              0.0016041,              0.0016041
                     49,                 0.6926,                0.49376,                0.74636,                 4.3518,              0.0015744,              0.0015744,              0.0015744
                     50,                0.68724,                 0.4947,                0.74636,                  4.351,              0.0015447,              0.0015447,              0.0015447
                     51,                0.67677,                0.49574,                0.74693,                 4.3496,               0.001515,               0.001515,               0.001515
                     52,                0.65407,                0.49574,                0.74683,                 4.3489,              0.0014853,              0.0014853,              0.0014853
                     53,                0.65621,                0.49669,                0.74825,                 4.3482,              0.0014556,              0.0014556,              0.0014556
                     54,                0.63272,                0.49669,                0.74853,                 4.3475,              0.0014259,              0.0014259,              0.0014259
                     55,                0.63417,                0.49678,                0.74759,                 4.3471,              0.0013962,              0.0013962,              0.0013962
                     56,                0.61256,                0.49678,                 0.7474,                 4.3459,              0.0013665,              0.0013665,              0.0013665
                     57,                0.60987,                0.49659,                0.74749,                 4.3458,              0.0013368,              0.0013368,              0.0013368
                     58,                 0.5996,                0.49688,                0.74891,                 4.3449,              0.0013071,              0.0013071,              0.0013071
                     59,                0.58469,                0.49612,                 0.7492,                 4.3439,              0.0012774,              0.0012774,              0.0012774
                     60,                0.57579,                0.49688,                 0.7492,                 4.3435,              0.0012477,              0.0012477,              0.0012477
                     61,                0.56656,                 0.4965,                0.74957,                 4.3426,               0.001218,               0.001218,               0.001218
                     62,                0.55872,                0.49593,                0.74967,                 4.3419,              0.0011883,              0.0011883,              0.0011883
                     63,                0.55138,                0.49678,                0.74891,                 4.3411,              0.0011586,              0.0011586,              0.0011586
                     64,                0.53704,                0.49716,                 0.7491,                 4.3399,              0.0011289,              0.0011289,              0.0011289
                     65,                0.53447,                0.49763,                0.74768,                 4.3398,              0.0010992,              0.0010992,              0.0010992
                     66,                0.52478,                0.49782,                 0.7473,                 4.3392,              0.0010695,              0.0010695,              0.0010695
                     67,                0.51166,                0.49726,                0.74702,                 4.3381,              0.0010398,              0.0010398,              0.0010398
                     68,                0.50305,                0.49745,                0.74721,                 4.3373,              0.0010101,              0.0010101,              0.0010101
                     69,                0.49271,                0.49792,                0.74863,                 4.3376,              0.0009804,              0.0009804,              0.0009804
                     70,                0.48674,                0.49811,                0.74825,                 4.3368,              0.0009507,              0.0009507,              0.0009507
                     71,                0.48414,                0.49801,                0.74957,                 4.3358,               0.000921,               0.000921,               0.000921
                     72,                0.47774,                0.49792,                 0.7492,                 4.3348,              0.0008913,              0.0008913,              0.0008913
                     73,                0.47403,                0.49858,                0.75014,                 4.3346,              0.0008616,              0.0008616,              0.0008616
                     74,                0.45375,                0.49896,                0.75109,                 4.3343,              0.0008319,              0.0008319,              0.0008319
                     75,                0.45332,                0.49905,                0.75156,                 4.3338,              0.0008022,              0.0008022,              0.0008022
                     76,                 0.4432,                0.50009,                0.75156,                 4.3334,              0.0007725,              0.0007725,              0.0007725
                     77,                0.43659,                0.50104,                0.75118,                 4.3331,              0.0007428,              0.0007428,              0.0007428
                     78,                0.42977,                0.50038,                0.75156,                 4.3324,              0.0007131,              0.0007131,              0.0007131
                     79,                0.41668,                0.50038,                0.75203,                 4.3319,              0.0006834,              0.0006834,              0.0006834
                     80,                0.41086,                0.49991,                0.75184,                 4.3316,              0.0006537,              0.0006537,              0.0006537
                     81,                0.41079,                0.50009,                0.75137,                 4.3312,               0.000624,               0.000624,               0.000624
                     82,                0.39732,                0.50047,                0.75099,                 4.3307,              0.0005943,              0.0005943,              0.0005943
                     83,                0.40506,                0.50028,                0.75109,                 4.3302,              0.0005646,              0.0005646,              0.0005646
                     84,                0.38677,                0.49972,                0.75061,                 4.3304,              0.0005349,              0.0005349,              0.0005349
                     85,                 0.3813,                0.49991,                0.75043,                   4.33,              0.0005052,              0.0005052,              0.0005052
                     86,                0.37538,                0.49924,                0.75147,                   4.33,              0.0004755,              0.0004755,              0.0004755
                     87,                0.36756,                0.49905,                0.75061,                 4.3293,              0.0004458,              0.0004458,              0.0004458
                     88,                 0.3668,                0.49943,                 0.7508,                 4.3292,              0.0004161,              0.0004161,              0.0004161
                     89,                0.36404,                0.49953,                0.74929,                 4.3287,              0.0003864,              0.0003864,              0.0003864
                     90,                0.35145,                0.49934,                0.74948,                 4.3285,              0.0003567,              0.0003567,              0.0003567
                     91,                0.35357,                0.49972,                0.75033,                  4.328,               0.000327,               0.000327,               0.000327
                     92,                0.34371,                0.49953,                0.75024,                 4.3284,              0.0002973,              0.0002973,              0.0002973
                     93,                0.34575,                0.50009,                0.75043,                 4.3278,              0.0002676,              0.0002676,              0.0002676
                     94,                0.32755,                0.49962,                0.75005,                 4.3277,              0.0002379,              0.0002379,              0.0002379
                     95,                0.33163,                0.50009,                0.75033,                 4.3277,              0.0002082,              0.0002082,              0.0002082
                     96,                0.32604,                0.49934,                0.75118,                 4.3273,              0.0001785,              0.0001785,              0.0001785
                     97,                0.32192,                0.49953,                0.75024,                 4.3273,              0.0001488,              0.0001488,              0.0001488
                     98,                0.31991,                0.49877,                0.75052,                 4.3266,              0.0001191,              0.0001191,              0.0001191
                     99,                0.31224,                0.49839,                0.75061,                  4.327,               8.94e-05,               8.94e-05,               8.94e-05
                    100,                 0.3138,                0.49792,                0.75061,                  4.327,               5.97e-05,               5.97e-05,               5.97e-05
                      1,                 4.5814,                 0.1951,                0.45392,                 4.6121,               0.081206,             0.00058125,             0.00058125
                      2,                 2.9312,                0.56961,                0.82157,                 4.2244,               0.061795,              0.0011696,              0.0011696
                      3,                  1.365,                0.70098,                0.91569,                 4.0731,               0.042371,               0.001746,               0.001746
                      4,                 0.8567,                0.75882,                0.93824,                 3.9865,               0.022936,              0.0023105,              0.0023105
                      5,                0.64638,                    0.7,                0.92157,                 4.0121,              0.0034882,              0.0028632,              0.0028632
                      6,                0.62688,                 0.6549,                0.89118,                 4.0476,              0.0028515,              0.0028515,              0.0028515
                      7,                0.57847,                0.75686,                0.93627,                 3.9268,              0.0028218,              0.0028218,              0.0028218
                      8,                0.52284,                0.70882,                0.91569,                 3.9857,              0.0027921,              0.0027921,              0.0027921
                      9,                0.41174,                0.77451,                0.95294,                 3.9106,              0.0027624,              0.0027624,              0.0027624
                     10,                 0.4397,                0.79608,                0.94804,                 3.8958,              0.0027327,              0.0027327,              0.0027327
                     11,                0.38602,                0.80686,                0.95098,                 3.8718,               0.002703,               0.002703,               0.002703
                     12,                0.35715,                0.81078,                0.95098,                 3.8704,              0.0026733,              0.0026733,              0.0026733
                     13,                0.27603,                0.81373,                0.95784,                 3.8608,              0.0026436,              0.0026436,              0.0026436
                     14,                0.27807,                0.79804,                   0.95,                 3.8796,              0.0026139,              0.0026139,              0.0026139
                     15,                0.21337,                0.81569,                0.95588,                 3.8666,              0.0025842,              0.0025842,              0.0025842
                     16,                 0.2153,                 0.8451,                0.96765,                 3.8286,              0.0025545,              0.0025545,              0.0025545
                     17,                0.18529,                0.83137,                0.96275,                 3.8298,              0.0025248,              0.0025248,              0.0025248
                     18,                0.19755,                0.82059,                0.96078,                 3.8434,              0.0024951,              0.0024951,              0.0024951
                     19,                0.16488,                0.83431,                0.96176,                 3.8267,              0.0024654,              0.0024654,              0.0024654
                     20,                0.20749,                0.83725,                0.96078,                 3.8339,              0.0024357,              0.0024357,              0.0024357
                     21,                0.16674,                0.82941,                0.96961,                 3.8373,               0.002406,               0.002406,               0.002406
                     22,                0.18111,                0.84804,                0.95784,                 3.8201,              0.0023763,              0.0023763,              0.0023763
                     23,                 0.1589,                 0.8402,                0.96471,                 3.8297,              0.0023466,              0.0023466,              0.0023466
                     24,                0.16098,                0.84608,                0.96078,                 3.8217,              0.0023169,              0.0023169,              0.0023169
                     25,                0.12287,                0.83725,                0.96373,                 3.8252,              0.0022872,              0.0022872,              0.0022872
                     26,                0.11622,                0.83235,                0.96961,                 3.8313,              0.0022575,              0.0022575,              0.0022575
                     27,                0.09713,                0.86078,                0.96961,                 3.8041,              0.0022278,              0.0022278,              0.0022278
                     28,                0.09488,                0.86373,                0.97255,                 3.7971,              0.0021981,              0.0021981,              0.0021981
                     29,                0.09573,                0.86961,                0.97647,                 3.7927,              0.0021684,              0.0021684,              0.0021684
                     30,                0.08421,                0.87157,                0.97451,                  3.793,              0.0021387,              0.0021387,              0.0021387
                     31,                0.10396,                0.86078,                0.97451,                 3.7959,               0.002109,               0.002109,               0.002109
                     32,                0.09202,                0.86961,                0.97549,                 3.7943,              0.0020793,              0.0020793,              0.0020793
                     33,                0.09178,                0.85098,                0.97451,                 3.8076,              0.0020496,              0.0020496,              0.0020496
                     34,                0.11302,                0.85588,                0.96765,                 3.8095,              0.0020199,              0.0020199,              0.0020199
                     35,                0.06691,                0.86078,                0.96863,                 3.8098,              0.0019902,              0.0019902,              0.0019902
                     36,                0.09885,                0.84902,                0.96176,                 3.8133,              0.0019605,              0.0019605,              0.0019605
                     37,                0.09836,                0.86078,                 0.9598,                 3.8052,              0.0019308,              0.0019308,              0.0019308
                     38,                0.08218,                0.86863,                 0.9598,                 3.7957,              0.0019011,              0.0019011,              0.0019011
                     39,                0.09165,                0.86275,                0.97255,                 3.7999,              0.0018714,              0.0018714,              0.0018714
                     40,                0.05498,                0.86863,                0.96961,                 3.7936,              0.0018417,              0.0018417,              0.0018417
                     41,                 0.0561,                0.85686,                0.96961,                 3.7997,               0.001812,               0.001812,               0.001812
                     42,                0.06411,                0.87451,                0.96863,                 3.7839,              0.0017823,              0.0017823,              0.0017823
                     43,                0.06953,                0.86765,                0.97745,                 3.7867,              0.0017526,              0.0017526,              0.0017526
                     44,                0.05376,                0.88039,                0.97941,                  3.778,              0.0017229,              0.0017229,              0.0017229
                     45,                0.04855,                0.87353,                0.97451,                   3.79,              0.0016932,              0.0016932,              0.0016932
                     46,                0.06004,                0.87745,                0.97647,                 3.7845,              0.0016635,              0.0016635,              0.0016635
                     47,                0.04825,                0.87059,                0.97647,                 3.7856,              0.0016338,              0.0016338,              0.0016338
                     48,                 0.0419,                0.88824,                0.97451,                 3.7685,              0.0016041,              0.0016041,              0.0016041
                     49,                0.03381,                0.88627,                0.97157,                 3.7684,              0.0015744,              0.0015744,              0.0015744
                     50,                0.04215,                0.89902,                0.97843,                 3.7655,              0.0015447,              0.0015447,              0.0015447
                     51,                0.04394,                0.88529,                0.97745,                 3.7792,               0.001515,               0.001515,               0.001515
                     52,                0.03503,                0.88627,                0.97255,                 3.7714,              0.0014853,              0.0014853,              0.0014853
                     53,                0.03304,                0.90098,                0.97451,                 3.7611,              0.0014556,              0.0014556,              0.0014556
                     54,                0.04642,                0.89608,                0.97549,                 3.7616,              0.0014259,              0.0014259,              0.0014259
                     55,                0.05482,                    0.9,                0.97451,                 3.7539,              0.0013962,              0.0013962,              0.0013962
                     56,                0.02892,                0.90882,                0.97647,                  3.757,              0.0013665,              0.0013665,              0.0013665
                     57,                0.04004,                0.91471,                0.97255,                 3.7483,              0.0013368,              0.0013368,              0.0013368
                     58,                0.03283,                0.89902,                0.97157,                 3.7568,              0.0013071,              0.0013071,              0.0013071
                     59,                0.03987,                0.89706,                0.97549,                 3.7603,              0.0012774,              0.0012774,              0.0012774
                     60,                0.02547,                0.89804,                0.97843,                 3.7579,              0.0012477,              0.0012477,              0.0012477
                     61,                0.04336,                0.91078,                0.97647,                 3.7521,               0.001218,               0.001218,               0.001218
                     62,                0.01795,                0.91569,                0.98039,                 3.7494,              0.0011883,              0.0011883,              0.0011883
                     63,                0.03657,                0.90098,                0.98039,                 3.7605,              0.0011586,              0.0011586,              0.0011586
                     64,                0.02337,                    0.9,                0.97745,                 3.7604,              0.0011289,              0.0011289,              0.0011289
                     65,                0.02852,                0.89804,                0.97745,                  3.764,              0.0010992,              0.0010992,              0.0010992
                     66,                0.03071,                0.89608,                0.97745,                  3.761,              0.0010695,              0.0010695,              0.0010695
                     67,                0.03097,                 0.9098,                0.97745,                 3.7524,              0.0010398,              0.0010398,              0.0010398
                     68,                0.02637,                0.89608,                0.97941,                 3.7594,              0.0010101,              0.0010101,              0.0010101
                     69,                0.02259,                    0.9,                0.97843,                 3.7549,              0.0009804,              0.0009804,              0.0009804
                     70,                0.01463,                0.90392,                0.97843,                 3.7533,              0.0009507,              0.0009507,              0.0009507
                     71,                0.00999,                 0.9049,                0.97941,                 3.7545,               0.000921,               0.000921,               0.000921
                     72,                0.01217,                0.90294,                0.97745,                 3.7554,              0.0008913,              0.0008913,              0.0008913
                     73,                0.01957,                0.90196,                0.97843,                 3.7538,              0.0008616,              0.0008616,              0.0008616
                     74,                0.01961,                0.89902,                0.97843,                 3.7571,              0.0008319,              0.0008319,              0.0008319
                     75,                0.01982,                0.89216,                0.97941,                 3.7577,              0.0008022,              0.0008022,              0.0008022
                     76,                0.01988,                0.89706,                0.98137,                  3.756,              0.0007725,              0.0007725,              0.0007725
                     77,                0.01498,                0.90098,                0.98039,                 3.7524,              0.0007428,              0.0007428,              0.0007428
                     78,                0.02103,                0.90588,                0.97941,                 3.7492,              0.0007131,              0.0007131,              0.0007131
                     79,                0.02248,                0.90294,                0.97745,                  3.749,              0.0006834,              0.0006834,              0.0006834
                     80,                 0.0196,                0.90686,                0.98137,                 3.7483,              0.0006537,              0.0006537,              0.0006537
                     81,                0.01885,                0.90686,                0.97941,                 3.7484,               0.000624,               0.000624,               0.000624
                     82,                0.01768,                0.90784,                0.98039,                 3.7506,              0.0005943,              0.0005943,              0.0005943
                     83,                0.01545,                0.90882,                0.97745,                 3.7498,              0.0005646,              0.0005646,              0.0005646
                     84,                 0.0159,                0.91078,                0.98333,                 3.7472,              0.0005349,              0.0005349,              0.0005349
                     85,                0.01131,                 0.9098,                0.98137,                 3.7479,              0.0005052,              0.0005052,              0.0005052
                     86,                0.02105,                0.91078,                0.98235,                 3.7451,              0.0004755,              0.0004755,              0.0004755
                     87,                0.00915,                0.91275,                0.98431,                 3.7438,              0.0004458,              0.0004458,              0.0004458
                     88,                0.02432,                0.90686,                0.98529,                 3.7435,              0.0004161,              0.0004161,              0.0004161
                     89,                 0.0169,                 0.9098,                0.98529,                 3.7462,              0.0003864,              0.0003864,              0.0003864
                     90,                0.00944,                0.90882,                0.98529,                  3.746,              0.0003567,              0.0003567,              0.0003567
                      1,                 4.5814,                 0.1951,                0.45392,                 4.6121,               0.081206,             0.00058125,             0.00058125
                      2,                 2.9312,                0.56961,                0.82157,                 4.2244,               0.061795,              0.0011696,              0.0011696
                      3,                  1.365,                0.70098,                0.91569,                 4.0731,               0.042371,               0.001746,               0.001746
                      4,                 0.8567,                0.75882,                0.93824,                 3.9865,               0.022936,              0.0023105,              0.0023105
                      5,                0.64638,                    0.7,                0.92157,                 4.0121,              0.0034882,              0.0028632,              0.0028632
                      6,                0.62688,                 0.6549,                0.89118,                 4.0476,              0.0028515,              0.0028515,              0.0028515
                      7,                0.57847,                0.75686,                0.93627,                 3.9268,              0.0028218,              0.0028218,              0.0028218
                      8,                0.52284,                0.70882,                0.91569,                 3.9857,              0.0027921,              0.0027921,              0.0027921
                      9,                0.41174,                0.77451,                0.95294,                 3.9106,              0.0027624,              0.0027624,              0.0027624
                     10,                 0.4397,                0.79608,                0.94804,                 3.8958,              0.0027327,              0.0027327,              0.0027327
                     11,                0.38602,                0.80686,                0.95098,                 3.8718,               0.002703,               0.002703,               0.002703
                     12,                0.35715,                0.81078,                0.95098,                 3.8704,              0.0026733,              0.0026733,              0.0026733
                     13,                0.27603,                0.81373,                0.95784,                 3.8608,              0.0026436,              0.0026436,              0.0026436
                     14,                0.27807,                0.79804,                   0.95,                 3.8796,              0.0026139,              0.0026139,              0.0026139
                     15,                0.21337,                0.81569,                0.95588,                 3.8666,              0.0025842,              0.0025842,              0.0025842
                     16,                 0.2153,                 0.8451,                0.96765,                 3.8286,              0.0025545,              0.0025545,              0.0025545
                     17,                0.18529,                0.83137,                0.96275,                 3.8298,              0.0025248,              0.0025248,              0.0025248
                     18,                0.19755,                0.82059,                0.96078,                 3.8434,              0.0024951,              0.0024951,              0.0024951
                     19,                0.16488,                0.83431,                0.96176,                 3.8267,              0.0024654,              0.0024654,              0.0024654
                     20,                0.20749,                0.83725,                0.96078,                 3.8339,              0.0024357,              0.0024357,              0.0024357
                     21,                0.16674,                0.82941,                0.96961,                 3.8373,               0.002406,               0.002406,               0.002406
                     22,                0.18111,                0.84804,                0.95784,                 3.8201,              0.0023763,              0.0023763,              0.0023763
                     23,                 0.1589,                 0.8402,                0.96471,                 3.8297,              0.0023466,              0.0023466,              0.0023466
                     24,                0.16098,                0.84608,                0.96078,                 3.8217,              0.0023169,              0.0023169,              0.0023169
                     25,                0.12287,                0.83725,                0.96373,                 3.8252,              0.0022872,              0.0022872,              0.0022872
                     26,                0.11622,                0.83235,                0.96961,                 3.8313,              0.0022575,              0.0022575,              0.0022575
                     27,                0.09713,                0.86078,                0.96961,                 3.8041,              0.0022278,              0.0022278,              0.0022278
                     28,                0.09488,                0.86373,                0.97255,                 3.7971,              0.0021981,              0.0021981,              0.0021981
                     29,                0.09573,                0.86961,                0.97647,                 3.7927,              0.0021684,              0.0021684,              0.0021684
                     30,                0.08421,                0.87157,                0.97451,                  3.793,              0.0021387,              0.0021387,              0.0021387
                     31,                0.10396,                0.86078,                0.97451,                 3.7959,               0.002109,               0.002109,               0.002109
                     32,                0.09202,                0.86961,                0.97549,                 3.7943,              0.0020793,              0.0020793,              0.0020793
                     33,                0.09178,                0.85098,                0.97451,                 3.8076,              0.0020496,              0.0020496,              0.0020496
                     34,                0.11302,                0.85588,                0.96765,                 3.8095,              0.0020199,              0.0020199,              0.0020199
                     35,                0.06691,                0.86078,                0.96863,                 3.8098,              0.0019902,              0.0019902,              0.0019902
                     36,                0.09885,                0.84902,                0.96176,                 3.8133,              0.0019605,              0.0019605,              0.0019605
                     37,                0.09836,                0.86078,                 0.9598,                 3.8052,              0.0019308,              0.0019308,              0.0019308
                     38,                0.08218,                0.86863,                 0.9598,                 3.7957,              0.0019011,              0.0019011,              0.0019011
                     39,                0.09165,                0.86275,                0.97255,                 3.7999,              0.0018714,              0.0018714,              0.0018714
                     40,                0.05498,                0.86863,                0.96961,                 3.7936,              0.0018417,              0.0018417,              0.0018417
                     41,                 0.0561,                0.85686,                0.96961,                 3.7997,               0.001812,               0.001812,               0.001812
                     42,                0.06411,                0.87451,                0.96863,                 3.7839,              0.0017823,              0.0017823,              0.0017823
                     43,                0.06953,                0.86765,                0.97745,                 3.7867,              0.0017526,              0.0017526,              0.0017526
                     44,                0.05376,                0.88039,                0.97941,                  3.778,              0.0017229,              0.0017229,              0.0017229
                     45,                0.04855,                0.87353,                0.97451,                   3.79,              0.0016932,              0.0016932,              0.0016932
                     46,                0.06004,                0.87745,                0.97647,                 3.7845,              0.0016635,              0.0016635,              0.0016635
                     47,                0.04825,                0.87059,                0.97647,                 3.7856,              0.0016338,              0.0016338,              0.0016338
                     48,                 0.0419,                0.88824,                0.97451,                 3.7685,              0.0016041,              0.0016041,              0.0016041
                     49,                0.03381,                0.88627,                0.97157,                 3.7684,              0.0015744,              0.0015744,              0.0015744
                     50,                0.04215,                0.89902,                0.97843,                 3.7655,              0.0015447,              0.0015447,              0.0015447
                     51,                0.04394,                0.88529,                0.97745,                 3.7792,               0.001515,               0.001515,               0.001515
                     52,                0.03503,                0.88627,                0.97255,                 3.7714,              0.0014853,              0.0014853,              0.0014853
                     53,                0.03304,                0.90098,                0.97451,                 3.7611,              0.0014556,              0.0014556,              0.0014556
                     54,                0.04642,                0.89608,                0.97549,                 3.7616,              0.0014259,              0.0014259,              0.0014259
                     55,                0.05482,                    0.9,                0.97451,                 3.7539,              0.0013962,              0.0013962,              0.0013962
                     56,                0.02892,                0.90882,                0.97647,                  3.757,              0.0013665,              0.0013665,              0.0013665
                     57,                0.04004,                0.91471,                0.97255,                 3.7483,              0.0013368,              0.0013368,              0.0013368
                     58,                0.03283,                0.89902,                0.97157,                 3.7568,              0.0013071,              0.0013071,              0.0013071
                     59,                0.03987,                0.89706,                0.97549,                 3.7603,              0.0012774,              0.0012774,              0.0012774
                     60,                0.02547,                0.89804,                0.97843,                 3.7579,              0.0012477,              0.0012477,              0.0012477
                     61,                0.04336,                0.91078,                0.97647,                 3.7521,               0.001218,               0.001218,               0.001218
                     62,                0.01795,                0.91569,                0.98039,                 3.7494,              0.0011883,              0.0011883,              0.0011883
                     63,                0.03657,                0.90098,                0.98039,                 3.7605,              0.0011586,              0.0011586,              0.0011586
                     64,                0.02337,                    0.9,                0.97745,                 3.7604,              0.0011289,              0.0011289,              0.0011289
                     65,                0.02852,                0.89804,                0.97745,                  3.764,              0.0010992,              0.0010992,              0.0010992
                     66,                0.03071,                0.89608,                0.97745,                  3.761,              0.0010695,              0.0010695,              0.0010695
                     67,                0.03097,                 0.9098,                0.97745,                 3.7524,              0.0010398,              0.0010398,              0.0010398
                     68,                0.02637,                0.89608,                0.97941,                 3.7594,              0.0010101,              0.0010101,              0.0010101
                     69,                0.02259,                    0.9,                0.97843,                 3.7549,              0.0009804,              0.0009804,              0.0009804
                     70,                0.01463,                0.90392,                0.97843,                 3.7533,              0.0009507,              0.0009507,              0.0009507
                     71,                0.00999,                 0.9049,                0.97941,                 3.7545,               0.000921,               0.000921,               0.000921
                     72,                0.01217,                0.90294,                0.97745,                 3.7554,              0.0008913,              0.0008913,              0.0008913
                     73,                0.01957,                0.90196,                0.97843,                 3.7538,              0.0008616,              0.0008616,              0.0008616
                     74,                0.01961,                0.89902,                0.97843,                 3.7571,              0.0008319,              0.0008319,              0.0008319
                     75,                0.01982,                0.89216,                0.97941,                 3.7577,              0.0008022,              0.0008022,              0.0008022
                     76,                0.01988,                0.89706,                0.98137,                  3.756,              0.0007725,              0.0007725,              0.0007725
                     77,                0.01498,                0.90098,                0.98039,                 3.7524,              0.0007428,              0.0007428,              0.0007428
                     78,                0.02103,                0.90588,                0.97941,                 3.7492,              0.0007131,              0.0007131,              0.0007131
                     79,                0.02248,                0.90294,                0.97745,                  3.749,              0.0006834,              0.0006834,              0.0006834
                     80,                 0.0196,                0.90686,                0.98137,                 3.7483,              0.0006537,              0.0006537,              0.0006537
                     81,                0.01885,                0.90686,                0.97941,                 3.7484,               0.000624,               0.000624,               0.000624
                     82,                0.01768,                0.90784,                0.98039,                 3.7506,              0.0005943,              0.0005943,              0.0005943
                     83,                0.01545,                0.90882,                0.97745,                 3.7498,              0.0005646,              0.0005646,              0.0005646
                     84,                 0.0159,                0.91078,                0.98333,                 3.7472,              0.0005349,              0.0005349,              0.0005349
                     85,                0.01131,                 0.9098,                0.98137,                 3.7479,              0.0005052,              0.0005052,              0.0005052
                     86,                0.02105,                0.91078,                0.98235,                 3.7451,              0.0004755,              0.0004755,              0.0004755
                     87,                0.00915,                0.91275,                0.98431,                 3.7438,              0.0004458,              0.0004458,              0.0004458
                     88,                0.02432,                0.90686,                0.98529,                 3.7435,              0.0004161,              0.0004161,              0.0004161
                     89,                 0.0169,                 0.9098,                0.98529,                 3.7462,              0.0003864,              0.0003864,              0.0003864
                     90,                0.00944,                0.90882,                0.98529,                  3.746,              0.0003567,              0.0003567,              0.0003567
                      1,                 4.5814,                 0.1951,                0.45392,                 4.6121,               0.081206,             0.00058125,             0.00058125
                      2,                 2.9312,                0.56961,                0.82157,                 4.2244,               0.061795,              0.0011696,              0.0011696
                      3,                  1.365,                0.70098,                0.91569,                 4.0731,               0.042371,               0.001746,               0.001746
                      4,                 0.8567,                0.75882,                0.93824,                 3.9865,               0.022936,              0.0023105,              0.0023105
                      5,                0.64638,                    0.7,                0.92157,                 4.0121,              0.0034882,              0.0028632,              0.0028632
                      6,                0.62688,                 0.6549,                0.89118,                 4.0476,              0.0028515,              0.0028515,              0.0028515
                      7,                0.57847,                0.75686,                0.93627,                 3.9268,              0.0028218,              0.0028218,              0.0028218
                      8,                0.52284,                0.70882,                0.91569,                 3.9857,              0.0027921,              0.0027921,              0.0027921
                      9,                0.41174,                0.77451,                0.95294,                 3.9106,              0.0027624,              0.0027624,              0.0027624
                     10,                 0.4397,                0.79608,                0.94804,                 3.8958,              0.0027327,              0.0027327,              0.0027327
                     11,                0.38602,                0.80686,                0.95098,                 3.8718,               0.002703,               0.002703,               0.002703
                     12,                0.35715,                0.81078,                0.95098,                 3.8704,              0.0026733,              0.0026733,              0.0026733
                     13,                0.27603,                0.81373,                0.95784,                 3.8608,              0.0026436,              0.0026436,              0.0026436
                     14,                0.27807,                0.79804,                   0.95,                 3.8796,              0.0026139,              0.0026139,              0.0026139
                     15,                0.21337,                0.81569,                0.95588,                 3.8666,              0.0025842,              0.0025842,              0.0025842
                     16,                 0.2153,                 0.8451,                0.96765,                 3.8286,              0.0025545,              0.0025545,              0.0025545
                     17,                0.18529,                0.83137,                0.96275,                 3.8298,              0.0025248,              0.0025248,              0.0025248
                     18,                0.19755,                0.82059,                0.96078,                 3.8434,              0.0024951,              0.0024951,              0.0024951
                     19,                0.16488,                0.83431,                0.96176,                 3.8267,              0.0024654,              0.0024654,              0.0024654
                     20,                0.20749,                0.83725,                0.96078,                 3.8339,              0.0024357,              0.0024357,              0.0024357
                     21,                0.16674,                0.82941,                0.96961,                 3.8373,               0.002406,               0.002406,               0.002406
                     22,                0.18111,                0.84804,                0.95784,                 3.8201,              0.0023763,              0.0023763,              0.0023763
                     23,                 0.1589,                 0.8402,                0.96471,                 3.8297,              0.0023466,              0.0023466,              0.0023466
                     24,                0.16098,                0.84608,                0.96078,                 3.8217,              0.0023169,              0.0023169,              0.0023169
                     25,                0.12287,                0.83725,                0.96373,                 3.8252,              0.0022872,              0.0022872,              0.0022872
                     26,                0.11622,                0.83235,                0.96961,                 3.8313,              0.0022575,              0.0022575,              0.0022575
                     27,                0.09713,                0.86078,                0.96961,                 3.8041,              0.0022278,              0.0022278,              0.0022278
                     28,                0.09488,                0.86373,                0.97255,                 3.7971,              0.0021981,              0.0021981,              0.0021981
                     29,                0.09573,                0.86961,                0.97647,                 3.7927,              0.0021684,              0.0021684,              0.0021684
                     30,                0.08421,                0.87157,                0.97451,                  3.793,              0.0021387,              0.0021387,              0.0021387
                     31,                0.10396,                0.86078,                0.97451,                 3.7959,               0.002109,               0.002109,               0.002109
                     32,                0.09202,                0.86961,                0.97549,                 3.7943,              0.0020793,              0.0020793,              0.0020793
                     33,                0.09178,                0.85098,                0.97451,                 3.8076,              0.0020496,              0.0020496,              0.0020496
                     34,                0.11302,                0.85588,                0.96765,                 3.8095,              0.0020199,              0.0020199,              0.0020199
                     35,                0.06691,                0.86078,                0.96863,                 3.8098,              0.0019902,              0.0019902,              0.0019902
                     36,                0.09885,                0.84902,                0.96176,                 3.8133,              0.0019605,              0.0019605,              0.0019605
                     37,                0.09836,                0.86078,                 0.9598,                 3.8052,              0.0019308,              0.0019308,              0.0019308
                     38,                0.08218,                0.86863,                 0.9598,                 3.7957,              0.0019011,              0.0019011,              0.0019011
                     39,                0.09165,                0.86275,                0.97255,                 3.7999,              0.0018714,              0.0018714,              0.0018714
                     40,                0.05498,                0.86863,                0.96961,                 3.7936,              0.0018417,              0.0018417,              0.0018417
                     41,                 0.0561,                0.85686,                0.96961,                 3.7997,               0.001812,               0.001812,               0.001812
                     42,                0.06411,                0.87451,                0.96863,                 3.7839,              0.0017823,              0.0017823,              0.0017823
                     43,                0.06953,                0.86765,                0.97745,                 3.7867,              0.0017526,              0.0017526,              0.0017526
                     44,                0.05376,                0.88039,                0.97941,                  3.778,              0.0017229,              0.0017229,              0.0017229
                     45,                0.04855,                0.87353,                0.97451,                   3.79,              0.0016932,              0.0016932,              0.0016932
                     46,                0.06004,                0.87745,                0.97647,                 3.7845,              0.0016635,              0.0016635,              0.0016635
                     47,                0.04825,                0.87059,                0.97647,                 3.7856,              0.0016338,              0.0016338,              0.0016338
                     48,                 0.0419,                0.88824,                0.97451,                 3.7685,              0.0016041,              0.0016041,              0.0016041
                     49,                0.03381,                0.88627,                0.97157,                 3.7684,              0.0015744,              0.0015744,              0.0015744
                     50,                0.04215,                0.89902,                0.97843,                 3.7655,              0.0015447,              0.0015447,              0.0015447
                     51,                0.04394,                0.88529,                0.97745,                 3.7792,               0.001515,               0.001515,               0.001515
                     52,                0.03503,                0.88627,                0.97255,                 3.7714,              0.0014853,              0.0014853,              0.0014853
                     53,                0.03304,                0.90098,                0.97451,                 3.7611,              0.0014556,              0.0014556,              0.0014556
                     54,                0.04642,                0.89608,                0.97549,                 3.7616,              0.0014259,              0.0014259,              0.0014259
                     55,                0.05482,                    0.9,                0.97451,                 3.7539,              0.0013962,              0.0013962,              0.0013962
                     56,                0.02892,                0.90882,                0.97647,                  3.757,              0.0013665,              0.0013665,              0.0013665
                     57,                0.04004,                0.91471,                0.97255,                 3.7483,              0.0013368,              0.0013368,              0.0013368
                     58,                0.03283,                0.89902,                0.97157,                 3.7568,              0.0013071,              0.0013071,              0.0013071
                     59,                0.03987,                0.89706,                0.97549,                 3.7603,              0.0012774,              0.0012774,              0.0012774
                     60,                0.02547,                0.89804,                0.97843,                 3.7579,              0.0012477,              0.0012477,              0.0012477
                     61,                0.04336,                0.91078,                0.97647,                 3.7521,               0.001218,               0.001218,               0.001218
                     62,                0.01795,                0.91569,                0.98039,                 3.7494,              0.0011883,              0.0011883,              0.0011883
                     63,                0.03657,                0.90098,                0.98039,                 3.7605,              0.0011586,              0.0011586,              0.0011586
                     64,                0.02337,                    0.9,                0.97745,                 3.7604,              0.0011289,              0.0011289,              0.0011289
                     65,                0.02852,                0.89804,                0.97745,                  3.764,              0.0010992,              0.0010992,              0.0010992
                     66,                0.03071,                0.89608,                0.97745,                  3.761,              0.0010695,              0.0010695,              0.0010695
                     67,                0.03097,                 0.9098,                0.97745,                 3.7524,              0.0010398,              0.0010398,              0.0010398
                     68,                0.02637,                0.89608,                0.97941,                 3.7594,              0.0010101,              0.0010101,              0.0010101
                     69,                0.02259,                    0.9,                0.97843,                 3.7549,              0.0009804,              0.0009804,              0.0009804
                     70,                0.01463,                0.90392,                0.97843,                 3.7533,              0.0009507,              0.0009507,              0.0009507
                     71,                0.00999,                 0.9049,                0.97941,                 3.7545,               0.000921,               0.000921,               0.000921
                     72,                0.01217,                0.90294,                0.97745,                 3.7554,              0.0008913,              0.0008913,              0.0008913
                     73,                0.01957,                0.90196,                0.97843,                 3.7538,              0.0008616,              0.0008616,              0.0008616
                     74,                0.01961,                0.89902,                0.97843,                 3.7571,              0.0008319,              0.0008319,              0.0008319
                     75,                0.01982,                0.89216,                0.97941,                 3.7577,              0.0008022,              0.0008022,              0.0008022
                     76,                0.01988,                0.89706,                0.98137,                  3.756,              0.0007725,              0.0007725,              0.0007725
                     77,                0.01498,                0.90098,                0.98039,                 3.7524,              0.0007428,              0.0007428,              0.0007428
                     78,                0.02103,                0.90588,                0.97941,                 3.7492,              0.0007131,              0.0007131,              0.0007131
                     79,                0.02248,                0.90294,                0.97745,                  3.749,              0.0006834,              0.0006834,              0.0006834
                     80,                 0.0196,                0.90686,                0.98137,                 3.7483,              0.0006537,              0.0006537,              0.0006537
                     81,                0.01885,                0.90686,                0.97941,                 3.7484,               0.000624,               0.000624,               0.000624
                     82,                0.01768,                0.90784,                0.98039,                 3.7506,              0.0005943,              0.0005943,              0.0005943
                     83,                0.01545,                0.90882,                0.97745,                 3.7498,              0.0005646,              0.0005646,              0.0005646
                     84,                 0.0159,                0.91078,                0.98333,                 3.7472,              0.0005349,              0.0005349,              0.0005349
                     85,                0.01131,                 0.9098,                0.98137,                 3.7479,              0.0005052,              0.0005052,              0.0005052
                     86,                0.02105,                0.91078,                0.98235,                 3.7451,              0.0004755,              0.0004755,              0.0004755
                     87,                0.00915,                0.91275,                0.98431,                 3.7438,              0.0004458,              0.0004458,              0.0004458
                     88,                0.02432,                0.90686,                0.98529,                 3.7435,              0.0004161,              0.0004161,              0.0004161
                     89,                 0.0169,                 0.9098,                0.98529,                 3.7462,              0.0003864,              0.0003864,              0.0003864
                     90,                0.00944,                0.90882,                0.98529,                  3.746,              0.0003567,              0.0003567,              0.0003567
                      1,                 4.5814,                 0.1951,                0.45392,                 4.6121,               0.081206,             0.00058125,             0.00058125
                      2,                 2.9312,                0.56961,                0.82157,                 4.2244,               0.061795,              0.0011696,              0.0011696
                      3,                  1.365,                0.70098,                0.91569,                 4.0731,               0.042371,               0.001746,               0.001746
                      4,                 0.8567,                0.75882,                0.93824,                 3.9865,               0.022936,              0.0023105,              0.0023105
                      5,                0.64638,                    0.7,                0.92157,                 4.0121,              0.0034882,              0.0028632,              0.0028632
                      6,                0.62688,                 0.6549,                0.89118,                 4.0476,              0.0028515,              0.0028515,              0.0028515
                      7,                0.57847,                0.75686,                0.93627,                 3.9268,              0.0028218,              0.0028218,              0.0028218
                      8,                0.52284,                0.70882,                0.91569,                 3.9857,              0.0027921,              0.0027921,              0.0027921
                      9,                0.41174,                0.77451,                0.95294,                 3.9106,              0.0027624,              0.0027624,              0.0027624
                     10,                 0.4397,                0.79608,                0.94804,                 3.8958,              0.0027327,              0.0027327,              0.0027327
                     11,                0.38602,                0.80686,                0.95098,                 3.8718,               0.002703,               0.002703,               0.002703
                     12,                0.35715,                0.81078,                0.95098,                 3.8704,              0.0026733,              0.0026733,              0.0026733
                     13,                0.27603,                0.81373,                0.95784,                 3.8608,              0.0026436,              0.0026436,              0.0026436
                     14,                0.27807,                0.79804,                   0.95,                 3.8796,              0.0026139,              0.0026139,              0.0026139
                     15,                0.21337,                0.81569,                0.95588,                 3.8666,              0.0025842,              0.0025842,              0.0025842
                     16,                 0.2153,                 0.8451,                0.96765,                 3.8286,              0.0025545,              0.0025545,              0.0025545
                     17,                0.18529,                0.83137,                0.96275,                 3.8298,              0.0025248,              0.0025248,              0.0025248
                     18,                0.19755,                0.82059,                0.96078,                 3.8434,              0.0024951,              0.0024951,              0.0024951
                     19,                0.16488,                0.83431,                0.96176,                 3.8267,              0.0024654,              0.0024654,              0.0024654
                     20,                0.20749,                0.83725,                0.96078,                 3.8339,              0.0024357,              0.0024357,              0.0024357
                     21,                0.16674,                0.82941,                0.96961,                 3.8373,               0.002406,               0.002406,               0.002406
                     22,                0.18111,                0.84804,                0.95784,                 3.8201,              0.0023763,              0.0023763,              0.0023763
                     23,                 0.1589,                 0.8402,                0.96471,                 3.8297,              0.0023466,              0.0023466,              0.0023466
                     24,                0.16098,                0.84608,                0.96078,                 3.8217,              0.0023169,              0.0023169,              0.0023169
                     25,                0.12287,                0.83725,                0.96373,                 3.8252,              0.0022872,              0.0022872,              0.0022872
                     26,                0.11622,                0.83235,                0.96961,                 3.8313,              0.0022575,              0.0022575,              0.0022575
                     27,                0.09713,                0.86078,                0.96961,                 3.8041,              0.0022278,              0.0022278,              0.0022278
                     28,                0.09488,                0.86373,                0.97255,                 3.7971,              0.0021981,              0.0021981,              0.0021981
                     29,                0.09573,                0.86961,                0.97647,                 3.7927,              0.0021684,              0.0021684,              0.0021684
                     30,                0.08421,                0.87157,                0.97451,                  3.793,              0.0021387,              0.0021387,              0.0021387
                     31,                0.10396,                0.86078,                0.97451,                 3.7959,               0.002109,               0.002109,               0.002109
                     32,                0.09202,                0.86961,                0.97549,                 3.7943,              0.0020793,              0.0020793,              0.0020793
                     33,                0.09178,                0.85098,                0.97451,                 3.8076,              0.0020496,              0.0020496,              0.0020496
                     34,                0.11302,                0.85588,                0.96765,                 3.8095,              0.0020199,              0.0020199,              0.0020199
                     35,                0.06691,                0.86078,                0.96863,                 3.8098,              0.0019902,              0.0019902,              0.0019902
                     36,                0.09885,                0.84902,                0.96176,                 3.8133,              0.0019605,              0.0019605,              0.0019605
                     37,                0.09836,                0.86078,                 0.9598,                 3.8052,              0.0019308,              0.0019308,              0.0019308
                     38,                0.08218,                0.86863,                 0.9598,                 3.7957,              0.0019011,              0.0019011,              0.0019011
                     39,                0.09165,                0.86275,                0.97255,                 3.7999,              0.0018714,              0.0018714,              0.0018714
                     40,                0.05498,                0.86863,                0.96961,                 3.7936,              0.0018417,              0.0018417,              0.0018417
                     41,                 0.0561,                0.85686,                0.96961,                 3.7997,               0.001812,               0.001812,               0.001812
                     42,                0.06411,                0.87451,                0.96863,                 3.7839,              0.0017823,              0.0017823,              0.0017823
                     43,                0.06953,                0.86765,                0.97745,                 3.7867,              0.0017526,              0.0017526,              0.0017526
                     44,                0.05376,                0.88039,                0.97941,                  3.778,              0.0017229,              0.0017229,              0.0017229
                     45,                0.04855,                0.87353,                0.97451,                   3.79,              0.0016932,              0.0016932,              0.0016932
                     46,                0.06004,                0.87745,                0.97647,                 3.7845,              0.0016635,              0.0016635,              0.0016635
                     47,                0.04825,                0.87059,                0.97647,                 3.7856,              0.0016338,              0.0016338,              0.0016338
                     48,                 0.0419,                0.88824,                0.97451,                 3.7685,              0.0016041,              0.0016041,              0.0016041
                     49,                0.03381,                0.88627,                0.97157,                 3.7684,              0.0015744,              0.0015744,              0.0015744
                     50,                0.04215,                0.89902,                0.97843,                 3.7655,              0.0015447,              0.0015447,              0.0015447
                     51,                0.04394,                0.88529,                0.97745,                 3.7792,               0.001515,               0.001515,               0.001515
                     52,                0.03503,                0.88627,                0.97255,                 3.7714,              0.0014853,              0.0014853,              0.0014853
                     53,                0.03304,                0.90098,                0.97451,                 3.7611,              0.0014556,              0.0014556,              0.0014556
                     54,                0.04642,                0.89608,                0.97549,                 3.7616,              0.0014259,              0.0014259,              0.0014259
                     55,                0.05482,                    0.9,                0.97451,                 3.7539,              0.0013962,              0.0013962,              0.0013962
                     56,                0.02892,                0.90882,                0.97647,                  3.757,              0.0013665,              0.0013665,              0.0013665
                     57,                0.04004,                0.91471,                0.97255,                 3.7483,              0.0013368,              0.0013368,              0.0013368
                     58,                0.03283,                0.89902,                0.97157,                 3.7568,              0.0013071,              0.0013071,              0.0013071
                     59,                0.03987,                0.89706,                0.97549,                 3.7603,              0.0012774,              0.0012774,              0.0012774
                     60,                0.02547,                0.89804,                0.97843,                 3.7579,              0.0012477,              0.0012477,              0.0012477
                     61,                0.04336,                0.91078,                0.97647,                 3.7521,               0.001218,               0.001218,               0.001218
                     62,                0.01795,                0.91569,                0.98039,                 3.7494,              0.0011883,              0.0011883,              0.0011883
                     63,                0.03657,                0.90098,                0.98039,                 3.7605,              0.0011586,              0.0011586,              0.0011586
                     64,                0.02337,                    0.9,                0.97745,                 3.7604,              0.0011289,              0.0011289,              0.0011289
                     65,                0.02852,                0.89804,                0.97745,                  3.764,              0.0010992,              0.0010992,              0.0010992
                     66,                0.03071,                0.89608,                0.97745,                  3.761,              0.0010695,              0.0010695,              0.0010695
                     67,                0.03097,                 0.9098,                0.97745,                 3.7524,              0.0010398,              0.0010398,              0.0010398
                     68,                0.02637,                0.89608,                0.97941,                 3.7594,              0.0010101,              0.0010101,              0.0010101
                     69,                0.02259,                    0.9,                0.97843,                 3.7549,              0.0009804,              0.0009804,              0.0009804
                     70,                0.01463,                0.90392,                0.97843,                 3.7533,              0.0009507,              0.0009507,              0.0009507
                     71,                0.00999,                 0.9049,                0.97941,                 3.7545,               0.000921,               0.000921,               0.000921
                     72,                0.01217,                0.90294,                0.97745,                 3.7554,              0.0008913,              0.0008913,              0.0008913
                     73,                0.01957,                0.90196,                0.97843,                 3.7538,              0.0008616,              0.0008616,              0.0008616
                     74,                0.01961,                0.89902,                0.97843,                 3.7571,              0.0008319,              0.0008319,              0.0008319
                     75,                0.01982,                0.89216,                0.97941,                 3.7577,              0.0008022,              0.0008022,              0.0008022
                     76,                0.01988,                0.89706,                0.98137,                  3.756,              0.0007725,              0.0007725,              0.0007725
                     77,                0.01498,                0.90098,                0.98039,                 3.7524,              0.0007428,              0.0007428,              0.0007428
                     78,                0.02103,                0.90588,                0.97941,                 3.7492,              0.0007131,              0.0007131,              0.0007131
                     79,                0.02248,                0.90294,                0.97745,                  3.749,              0.0006834,              0.0006834,              0.0006834
                     80,                 0.0196,                0.90686,                0.98137,                 3.7483,              0.0006537,              0.0006537,              0.0006537
                     81,                0.01885,                0.90686,                0.97941,                 3.7484,               0.000624,               0.000624,               0.000624
                     82,                0.01768,                0.90784,                0.98039,                 3.7506,              0.0005943,              0.0005943,              0.0005943
                     83,                0.01545,                0.90882,                0.97745,                 3.7498,              0.0005646,              0.0005646,              0.0005646
                     84,                 0.0159,                0.91078,                0.98333,                 3.7472,              0.0005349,              0.0005349,              0.0005349
                     85,                0.01131,                 0.9098,                0.98137,                 3.7479,              0.0005052,              0.0005052,              0.0005052
                     86,                0.02105,                0.91078,                0.98235,                 3.7451,              0.0004755,              0.0004755,              0.0004755
                     87,                0.00915,                0.91275,                0.98431,                 3.7438,              0.0004458,              0.0004458,              0.0004458
                     88,                0.02432,                0.90686,                0.98529,                 3.7435,              0.0004161,              0.0004161,              0.0004161
                     89,                 0.0169,                 0.9098,                0.98529,                 3.7462,              0.0003864,              0.0003864,              0.0003864
                     90,                0.00944,                0.90882,                0.98529,                  3.746,              0.0003567,              0.0003567,              0.0003567
                     91,                0.00744,                0.91275,                0.98627,                 3.7452,               0.000327,               0.000327,               0.000327
                     92,                 0.0067,                0.91471,                0.98431,                 3.7449,              0.0002973,              0.0002973,              0.0002973
                     93,                0.00365,                0.91275,                0.98431,                  3.743,              0.0002676,              0.0002676,              0.0002676
                     94,                0.00927,                0.91471,                0.98431,                 3.7443,              0.0002379,              0.0002379,              0.0002379
                     95,                0.01787,                0.91176,                0.98235,                  3.743,              0.0002082,              0.0002082,              0.0002082
                     96,                 0.0064,                0.91569,                0.98431,                 3.7438,              0.0001785,              0.0001785,              0.0001785
                     97,                0.00528,                0.91275,                0.98333,                  3.743,              0.0001488,              0.0001488,              0.0001488
                     98,                0.00763,                0.91275,                0.98137,                 3.7441,              0.0001191,              0.0001191,              0.0001191
                     99,                0.01253,                0.91275,                0.98431,                 3.7435,               8.94e-05,               8.94e-05,               8.94e-05
                    100,                0.01033,                0.91078,                0.98333,                  3.743,               5.97e-05,               5.97e-05,               5.97e-05
